{
  "type": "block_based",
  "label": "BSReviewCS4",
  "tags": [],
  "versionTag": {
    "versionNumber": 12,
    "lastModifiedBy": {
      "login": "alaaroussi"
    },
    "lastModifiedOn": 1697794385236,
    "extendedProperties": {}
  },
  "creationTag": {
    "versionNumber": 0,
    "lastModifiedBy": {
      "login": "alaaroussi"
    },
    "lastModifiedOn": 1697728502422,
    "extendedProperties": {}
  },
  "icon": "icon-code",
  "isEditor": true,
  "permissions": [],
  "allowContainerConfOverride": true,
  "allContainerConfs": true,
  "containerConfs": [],
  "params": {
    "blocks": [
      {
        "type": "dss_base_image",
        "params": {
          "syncedZones": [
            {
              "zone": "code_studio_versioned",
              "pathInContainer": "/home/dataiku/workspace/code_studio-versioned",
              "oneWay": false
            },
            {
              "zone": "code_studio_resources",
              "pathInContainer": "/home/dataiku/workspace/code_studio-resources",
              "oneWay": false
            },
            {
              "zone": "project_lib_versioned",
              "pathInContainer": "/home/dataiku/workspace/project-lib-versioned",
              "oneWay": false
            },
            {
              "zone": "project_lib_resources",
              "pathInContainer": "/home/dataiku/workspace/project-lib-resources",
              "oneWay": false
            },
            {
              "zone": "recipes",
              "pathInContainer": "/home/dataiku/workspace/recipes",
              "oneWay": false
            },
            {
              "zone": "notebooks",
              "pathInContainer": "/home/dataiku/workspace/notebooks",
              "oneWay": false
            },
            {
              "zone": "user_versioned",
              "pathInContainer": "/home/dataiku/workspace/user-versioned",
              "oneWay": false
            },
            {
              "zone": "user_resources",
              "pathInContainer": "/home/dataiku/workspace/user-resources",
              "oneWay": false
            }
          ],
          "excludedFromSync": [
            "node_modules/",
            ".angular/",
            "__pycache__/"
          ]
        }
      },
      {
        "type": "simple_deployment",
        "params": {
          "exposedPorts": [],
          "readinessProbeHeaders": [],
          "annotations": [],
          "labels": [],
          "useTcpReadiness": true
        }
      },
      {
        "type": "pycdstdioblk_code-studio-blocks_vscode",
        "params": {
          "config": {
            "useInWebapps": false,
            "settingsPath": "__USER_VERSIONED__/settings/code-server",
            "extensionsPath": "__CODE_STUDIO_RESOURCES__/vscode-extensions/",
            "machineSettingsPath": "__CODE_STUDIO_VERSIONED__/vscode-machine-settings",
            "openInPath": "/home/dataiku/workspace",
            "port": 8080,
            "startScript": "/opt/dataiku"
          }
        }
      },
      {
        "type": "append_dockerfile",
        "params": {
          "dockerfile": "USER root\n\nRUN yum -y module install nodejs:18\n\nRUN node -v\n\nRUN yum install -y npm \u0026\u0026 \\\n    mkdir -p /usr/local/lib/node_modules \u0026\u0026 \\\n    chown dataiku:dataiku -R /usr/local/lib/node_modules \u0026\u0026 \\\n    npm install npm -g \u0026\u0026 \\\n    npm install pnpm -g \u0026\u0026 \\\n    npm install yarn -g \u0026\u0026 \\\n    npm install @angular/cli -g\n\nRUN node -v\n\nRUN yum -y remove git \u0026\u0026 \\\n      yum -y remove git-* \u0026\u0026 \\\n      yum -y install https://packages.endpointdev.com/rhel/8/main/x86_64/endpoint-repo.noarch.rpm \u0026\u0026 \\\n      yum -y install git\n\nRUN cd /opt/dataiku/code-server/lib/vscode/extensions \u0026\u0026 \\\n    npm init -y \u0026\u0026 \\\n    npm i typescript\n",
          "label": "Setup dependencies",
          "runAsRoot": false,
          "resources": []
        }
      },
      {
        "type": "entrypoint",
        "params": {
          "label": "ClientPort",
          "scripts": [],
          "exposedPort": {
            "label": "Dev",
            "port": 4200,
            "proxiedUrlSuffix": "/$request_uri",
            "exposeHtml": true,
            "exposition": {
              "type": "port_forward",
              "params": {}
            },
            "allowExpositionOverride": false
          },
          "useInWebapps": false
        }
      },
      {
        "type": "entrypoint",
        "params": {
          "label": "Backend Port",
          "scripts": [],
          "exposedPort": {
            "label": "Backend",
            "port": 5000,
            "proxiedUrlSuffix": "/$request_uri",
            "exposeHtml": false,
            "exposition": {
              "type": "port_forward",
              "params": {}
            },
            "allowExpositionOverride": false
          },
          "useInWebapps": false
        }
      },
      {
        "type": "add_codeenv",
        "params": {
          "envName": "cookiecutter",
          "envLang": "PYTHON",
          "versionId": "Latest"
        }
      },
      {
        "type": "add_codeenv",
        "params": {
          "envName": "infra37",
          "envLang": "PYTHON",
          "versionId": "Latest"
        }
      }
    ]
  }
}