{
  "type": "block_based",
  "label": "infra-16-09-2025",
  "tags": [
    "Imported",
    "Imported"
  ],
  "versionTag": {
    "versionNumber": 0,
    "lastModifiedBy": {
      "login": "guillaume.cassand@dataiku.com"
    },
    "lastModifiedOn": 1750064677009
  },
  "creationTag": {
    "versionNumber": 0,
    "lastModifiedBy": {
      "login": "guillaume.cassand@dataiku.com"
    },
    "lastModifiedOn": 1750064677009
  },
  "shortDesc": "Code studio template for angular / vue and business solutions web applications",
  "icon": "icon-code",
  "isEditor": true,
  "reattachOnRestart": false,
  "permissions": [],
  "allowContainerConfOverride": true,
  "allContainerConfs": true,
  "containerConfs": [],
  "inheritGlobalCodeEnvsExtraSettings": true,
  "codeEnvsExtraSettings": {
    "condaInstallExtraOptions": [],
    "condaCreateExtraOptions": [],
    "pipInstallExtraOptions": [],
    "virtualenvCreateExtraOptions": [],
    "cranMirrorURL": "https://cloud.r-project.org",
    "useConda": false
  },
  "params": {
    "blocks": [
      {
        "type": "dss_base_image",
        "params": {
          "syncedZones": [
            {
              "zone": "code_studio_versioned",
              "pathInContainer": "/home/dataiku/workspace/code_studio-versioned",
              "oneWay": false
            },
            {
              "zone": "code_studio_resources",
              "pathInContainer": "/home/dataiku/workspace/code_studio-resources",
              "oneWay": false
            },
            {
              "zone": "project_lib_versioned",
              "pathInContainer": "/home/dataiku/workspace/project-lib-versioned",
              "oneWay": false
            },
            {
              "zone": "project_lib_resources",
              "pathInContainer": "/home/dataiku/workspace/project-lib-resources",
              "oneWay": false
            },
            {
              "zone": "recipes",
              "pathInContainer": "/home/dataiku/workspace/recipes",
              "oneWay": false
            },
            {
              "zone": "user_versioned",
              "pathInContainer": "/home/dataiku/workspace/user-versioned",
              "oneWay": false
            },
            {
              "zone": "user_resources",
              "pathInContainer": "/home/dataiku/workspace/user-resources",
              "oneWay": false
            }
          ],
          "excludedFromSync": [
            "node_modules/",
            ".angular/",
            "__pycache__/"
          ]
        }
      },
      {
        "type": "simple_deployment",
        "params": {
          "exposedPorts": [],
          "exposedServices": [],
          "readinessProbeHeaders": [],
          "annotations": [],
          "labels": [],
          "useTcpReadiness": true,
          "initialSyncTimeoutInMinutes": 10
        }
      },
      {
        "type": "pycdstdioblk_code-studio-blocks_vscode",
        "params": {
          "config": {
            "useInWebapps": false,
            "settingsPath": "__USER_VERSIONED__/settings/code-server",
            "extensionsPath": "__CODE_STUDIO_RESOURCES__/vscode-extensions/",
            "machineSettingsPath": "__CODE_STUDIO_VERSIONED__/vscode-machine-settings",
            "openInPath": "/home/dataiku/workspace",
            "port": 8080,
            "startScript": "/opt/dataiku",
            "installCodeAssistant": false,
            "showAdvancedParams": false,
            "codeServerVersion": "4.91.0",
            "pythonExtensionVersion": "2024.8.1",
            "jupyterExtensionVersion": "2024.5.0",
            "additionalExtensions": []
          }
        }
      },
      {
        "type": "append_dockerfile",
        "params": {
          "dockerfile": "USER root\n\nRUN yum -y update \u0026\u0026 \\\n    yum -y install curl\n\nRUN curl -sL https://rpm.nodesource.com/setup_23.x | bash -\n\nRUN yum install -y nodejs\n\nRUN mkdir -p /usr/local/lib/node_modules \u0026\u0026 \\\n    chown dataiku:dataiku -R /usr/local/lib/node_modules \u0026\u0026 \\\n    npm install npm -g \u0026\u0026 \\\n    npm install pnpm -g \u0026\u0026 \\\n    npm install yarn -g \u0026\u0026 \\\n    npm install @angular/cli -g\n\nRUN cd /opt/dataiku/code-server/lib/vscode/extensions \u0026\u0026 \\\n    npm init -y \u0026\u0026 \\\n    npm i typescript\n",
          "label": "Setup dependencies",
          "runAsRoot": false,
          "resources": []
        }
      },
      {
        "type": "entrypoint",
        "params": {
          "label": "Client Port",
          "scripts": [],
          "exposedPort": {
            "label": "Dev",
            "port": 4200,
            "proxiedUrlSuffix": "/$request_uri",
            "exposeHtml": true,
            "exposition": {
              "type": "port_forward",
              "params": {}
            },
            "allowExpositionOverride": false,
            "containerPort": 4201
          },
          "useInWebapps": false
        }
      },
      {
        "type": "entrypoint",
        "params": {
          "label": "Backend Port",
          "scripts": [],
          "exposedPort": {
            "label": "Backend",
            "port": 5000,
            "proxiedUrlSuffix": "/$request_uri",
            "exposeHtml": false,
            "exposition": {
              "type": "port_forward",
              "params": {}
            },
            "allowExpositionOverride": false,
            "containerPort": 5001
          },
          "useInWebapps": false
        }
      },
      {
        "type": "add_codeenv",
        "params": {
          "envName": "cookiecutter",
          "envLang": "PYTHON",
          "versionId": "Latest"
        }
      },
      {
        "type": "add_codeenv",
        "params": {
          "envName": "cookiecutter",
          "envLang": "PYTHON",
          "versionId": "Latest"
        }
      }
    ]
  }
}