{
  "type": "block_based",
  "label": "infra",
  "tags": [],
  "versionTag": {
    "versionNumber": 39,
    "lastModifiedBy": {
      "login": "anas.laaroussi@dataiku.com"
    },
    "lastModifiedOn": 1696585419536,
    "extendedProperties": {}
  },
  "creationTag": {
    "versionNumber": 0,
    "lastModifiedBy": {
      "login": "anas.laaroussi@dataiku.com"
    },
    "lastModifiedOn": 1696503071255,
    "extendedProperties": {}
  },
  "shortDesc": "Code studio template for angular / vue and business solutions web applications",
  "icon": "icon-code",
  "isEditor": true,
  "permissions": [],
  "allowContainerConfOverride": true,
  "allContainerConfs": true,
  "containerConfs": [],
  "params": {
    "blocks": [
      {
        "type": "dss_base_image",
        "params": {
          "syncedZones": [
            {
              "zone": "code_studio_versioned",
              "pathInContainer": "/home/dataiku/workspace/code_studio-versioned",
              "oneWay": false
            },
            {
              "zone": "code_studio_resources",
              "pathInContainer": "/home/dataiku/workspace/code_studio-resources",
              "oneWay": false
            },
            {
              "zone": "project_lib_versioned",
              "pathInContainer": "/home/dataiku/workspace/project-lib-versioned",
              "oneWay": false
            },
            {
              "zone": "project_lib_resources",
              "pathInContainer": "/home/dataiku/workspace/project-lib-resources",
              "oneWay": false
            },
            {
              "zone": "recipes",
              "pathInContainer": "/home/dataiku/workspace/recipes",
              "oneWay": false
            },
            {
              "zone": "user_versioned",
              "pathInContainer": "/home/dataiku/workspace/user-versioned",
              "oneWay": false
            },
            {
              "zone": "user_resources",
              "pathInContainer": "/home/dataiku/workspace/user-resources",
              "oneWay": false
            }
          ],
          "excludedFromSync": [
            "node_modules/",
            ".angular/",
            "__pycache__/"
          ]
        }
      },
      {
        "type": "simple_deployment",
        "params": {
          "exposedPorts": [],
          "readinessProbeHeaders": [],
          "annotations": [],
          "labels": [],
          "useTcpReadiness": true
        }
      },
      {
        "type": "pycdstdioblk_code-studio-blocks_vscode",
        "params": {
          "config": {
            "useInWebapps": false,
            "settingsPath": "__USER_VERSIONED__/settings/code-server",
            "extensionsPath": "__CODE_STUDIO_RESOURCES__/vscode-extensions/",
            "machineSettingsPath": "__CODE_STUDIO_VERSIONED__/vscode-machine-settings",
            "openInPath": "/home/dataiku/workspace",
            "port": 8080,
            "startScript": "/opt/dataiku"
          }
        }
      },
      {
        "type": "append_dockerfile",
        "params": {
          "dockerfile": "USER root\n\nRUN yum install -y nodejs npm wget \u0026\u0026 \\\n    mkdir -p /usr/local/lib/node_modules \u0026\u0026 \\\n    chown dataiku:dataiku -R /usr/local/lib/node_modules \u0026\u0026 \\\n    npm install npm@7 -g \u0026\u0026 \\\n    npm install pnpm -g \u0026\u0026 \\\n    npm install yarn -g \u0026\u0026 \\\n    npm install @angular/cli -g\n\nRUN yum -y remove git \u0026\u0026 \\ \n    yum -y remove git-* \u0026\u0026 \\\n    yum -y install https://packages.endpointdev.com/rhel/7/os/x86_64/endpoint-repo.x86_64.rpm \u0026\u0026 \\\n    yum -y install git\n\nRUN cd /opt/dataiku/code-server/lib/vscode/extensions \u0026\u0026 \\\n    npm init -y \u0026\u0026 \\\n    npm i typescript\n",
          "label": "Setup dependencies",
          "runAsRoot": false,
          "resources": []
        }
      },
      {
        "type": "entrypoint",
        "params": {
          "label": "Client Port",
          "scripts": [],
          "exposedPort": {
            "label": "Dev",
            "port": 4200,
            "proxiedUrlSuffix": "/$request_uri",
            "exposeHtml": true,
            "exposition": {
              "type": "port_forward",
              "params": {}
            },
            "allowExpositionOverride": false,
            "containerPort": 4201
          },
          "useInWebapps": false
        }
      },
      {
        "type": "entrypoint",
        "params": {
          "label": "Backend Port",
          "scripts": [],
          "exposedPort": {
            "label": "Backend",
            "port": 5000,
            "proxiedUrlSuffix": "/$request_uri",
            "exposeHtml": false,
            "exposition": {
              "type": "port_forward",
              "params": {}
            },
            "allowExpositionOverride": false,
            "containerPort": 5001
          },
          "useInWebapps": false
        }
      },
      {
        "type": "add_codeenv",
        "params": {
          "envName": "cookiecutter",
          "envLang": "PYTHON",
          "versionId": "Latest"
        }
      },
      {
        "type": "add_codeenv",
        "params": {
          "envName": "infra37",
          "envLang": "PYTHON",
          "versionId": "Latest"
        }
      }
    ]
  }
}